{
  "n_rows": 299999,
  "n_series": 6,
  "positive_rate": 0.7194157313857713,
  "cv_folds": 5,
  "cv_average_precision_mean": 0.9989335538494523,
  "cv_average_precision_std": 0.0008943324144640918,
  "oof_average_precision": 0.9989933905216462,
  "oof_roc_auc": 0.9972492950839196,
  "oof_accuracy_at_0.5": 0.9772265907553025,
  "feature_order": [
    "anglez",
    "enmo",
    "enmo_centered",
    "hour",
    "moment",
    "anglez_abs",
    "anglez_diff",
    "enmo_diff",
    "anglez_rolling_mean",
    "enmo_rolling_mean",
    "enmo_x_anglez",
    "enmo_x_anglez_abs",
    "is_weekend"
  ],
  "trained_via": "self_distillation",
  "feature_importances": {
    "hour": 0.24932993948459625,
    "enmo_centered": 0.23636256158351898,
    "moment_night": 0.11210692673921585,
    "anglez_diff": 0.0806010439991951,
    "moment_evening": 0.0779448002576828,
    "enmo_diff": 0.04422531649470329,
    "enmo_rolling_mean": 0.0375644713640213,
    "enmo_x_anglez": 0.036734454333782196,
    "anglez_rolling_mean": 0.034187592566013336,
    "is_weekend": 0.02333676442503929,
    "enmo": 0.017285091802477837,
    "anglez": 0.01561678946018219,
    "enmo_x_anglez_abs": 0.014505774714052677,
    "anglez_abs": 0.01397740188986063,
    "moment_morning": 0.0062210834585130215,
    "moment_afternoon": 0.0
  }
}